{
  "project_info": {
    "project_number": "1008596712477",
    "project_id": "learnoset-b16f3",
    "storage_bucket": "learnoset-b16f3.appspot.com"
  },
  "client": [
    {
      "client_info": {
        "mobilesdk_app_id": "1:1008596712477:android:f4ed9f9997cd54d3575af4",
        "android_client_info": {
          "package_name": "com.example.registerloginfirebase"
        }
      },
      "oauth_client": [
        {
          "client_id": "1008596712477-jk3mlapj1pa40ne7brom3972kciqdqkr.apps.googleusercontent.com",
          "client_type": 1,
          "android_info": {
            "package_name": "com.example.registerloginfirebase",
            "certificate_hash": "d33deb3ffcb81971a56e7d36510423c4b3f00373"
          }
        },
        {
          "client_id": "1008596712477-2v946sj3tkgju38mg7adpg5vgcqarvvu.apps.googleusercontent.com",
          "client_type": 3
        }
      ],
      "api_key": [
        {
          "current_key": "AIzaSyCBoeBKAa4SU8P8wOoOrUZ2vDrNXAG79Ks"
        }
      ],
      "services": {
        "appinvite_service": {
          "other_platform_oauth_client": [
            {
              "client_id": "1008596712477-2v946sj3tkgju38mg7adpg5vgcqarvvu.apps.googleusercontent.com",
              "client_type": 3
            }
          ]
        }
      }
    }
  ],
  "configuration_version": "1"
}